City,Lead (ppm),Cadmium (ppm),Chromium (ppm),Arsenic (ppm),Mercury (ppm),Urban Waste (kg/m²),Excessive Pesticides (ppm),E-waste (kg/m²),Nuclear Waste (Bq/kg)
Anantapur,36.0,3.7,111.6,1.9,0.94,38.7,1.0,6.89,0.076
Chittoor,153.0,1.3,98.8,2.8,0.39,45.1,1.2,5.56,0.087
East Godavari,38.0,4.6,30.8,3.5,2.73,0.9,0.3,1.47,0.039
Guntur,169.0,0.6,46.1,4.4,1.92,29.1,1.2,0.74,0.048
Kadapa,162.0,3.4,89.1,2.5,0.61,43.5,1.2,2.09,0.075
Krishna,24.0,2.3,26.6,3.4,5.47,5.7,0.5,0.42,0.02
Kurnool,132.0,3.1,48.7,0.8,0.9,31.9,3.0,1.27,0.04
Prakasam,152.0,1.1,102.0,3.6,1.14,33.5,0.9,3.43,0.002
Sri Potti Sriramulu Nellore,95.0,0.9,138.4,2.0,1.32,47.6,1.9,6.17,0.019
Srikakulam,42.0,0.4,73.9,1.4,2.45,2.3,0.3,0.76,0.01
Visakhapatnam,20.0,1.2,17.3,3.2,2.0,5.4,0.3,1.36,0.087
Vizianagaram,42.0,0.3,34.2,4.6,0.59,6.5,0.1,0.08,0.041
West Godavari,15.0,2.1,46.2,4.9,1.97,9.7,0.1,1.54,0.095
Anjaw,10.0,1.1,14.0,1.1,0.88,1.6,0.4,0.94,0.022
Changlang,27.0,0.6,29.4,4.2,0.15,3.4,0.2,0.81,0.075
Kurung Kumey,20.0,4.2,47.9,12.2,0.65,4.3,0.3,0.31,0.018
Lohit,26.0,2.7,15.3,0.7,0.81,6.5,0.4,1.89,0.047
Lower Dibang Valley,18.0,0.3,32.3,4.0,0.27,7.0,0.0,0.09,0.066
Lower Subansiri,44.0,4.0,22.5,11.8,0.75,4.4,0.1,1.51,0.024
Namsai,40.0,2.5,26.7,4.1,0.3,5.0,0.2,1.28,0.087
Papum Pare,43.0,4.0,9.7,10.9,0.68,7.1,0.1,1.24,0.005
Siang,32.0,3.4,15.9,8.3,0.58,8.4,0.5,0.36,0.087
Tawang,45.0,3.0,38.9,10.6,0.8,5.7,0.2,0.57,0.075
Tirap,42.0,2.4,17.2,16.7,0.11,9.0,0.2,1.89,0.045
Upper Dibang Valley,46.0,1.9,10.0,1.0,0.91,2.0,0.1,1.65,0.024
Upper Siang,43.0,4.6,8.8,4.5,0.4,3.5,0.4,0.42,0.072
Upper Subansiri,34.0,5.0,33.1,8.6,0.22,7.8,0.2,0.73,0.059
West Siang,11.0,1.4,26.4,6.3,0.92,3.1,0.2,1.34,0.07
Baksa,31.0,0.8,43.9,18.3,0.04,4.3,0.0,0.8,0.05
Barpeta,39.0,0.2,32.0,18.1,0.1,9.2,0.2,1.03,0.071
Bongaigaon,43.0,0.2,12.8,16.9,0.1,5.4,0.5,0.07,0.068
Cachar,22.0,0.2,15.4,6.1,0.68,0.1,0.0,1.88,0.06
Charaideo,39.0,0.3,40.6,12.1,0.06,2.7,0.3,0.96,0.019
Darrang,30.0,4.5,14.3,40.9,0.29,2.6,0.1,0.8,0.051
Dhemaji,25.0,1.3,31.6,15.9,0.89,1.2,0.2,0.31,0.016
Dhubri,18.0,4.9,20.1,13.5,0.33,0.5,0.1,1.83,0.015
Dibrugarh,17.0,2.3,46.7,6.5,0.02,2.6,0.2,1.34,0.097
Dima Hasao,37.0,2.6,14.8,12.6,0.26,7.8,0.0,1.47,0.09
Goalpara,24.0,3.4,35.9,5.7,0.7,4.9,0.3,0.07,0.024
Golaghat,19.0,3.0,30.3,5.3,0.37,3.2,0.1,0.38,0.095
Hailakandi,43.0,2.5,22.1,16.9,0.09,4.1,0.3,1.65,0.057
Hojai,49.0,4.8,15.0,17.8,0.55,5.1,0.3,1.25,0.084
Jorhat,31.0,5.0,13.7,11.9,0.4,1.2,0.0,0.14,0.04
Kamrup,41.0,1.9,8.2,10.8,0.72,9.0,0.3,0.74,0.018
Kamrup Metropolitan,40.0,0.4,6.6,7.1,0.07,4.0,0.0,0.94,0.086
Karbi Anglong,22.0,3.5,27.4,20.0,0.95,0.6,0.4,1.68,0.043
Karimganj,31.0,4.8,40.9,10.7,0.73,8.8,0.3,0.13,0.055
Kokrajhar,35.0,2.7,10.0,5.3,0.71,9.8,0.4,0.85,0.039
Lakhimpur,36.0,3.5,33.3,7.6,0.53,9.4,0.3,1.1,0.031
Majuli,29.0,4.3,14.4,5.6,0.29,8.6,0.5,0.36,0.075
Morigaon,26.0,2.1,27.0,10.4,0.13,0.8,0.2,1.48,0.074
Nagaon,16.0,3.8,37.3,16.8,0.53,1.4,0.3,0.15,0.003
Nalbari,42.0,2.2,38.5,11.3,0.88,7.4,0.3,1.4,0.088
Sivasagar,25.0,4.9,22.4,10.4,0.09,0.5,0.5,0.94,0.024
South Salmara,50.0,4.9,35.6,8.0,0.38,1.8,0.4,0.28,0.015
Sonitpur,16.0,0.2,37.7,16.9,0.18,8.7,0.4,1.31,0.097
Tinsukia,24.0,4.5,5.6,11.3,0.23,7.3,0.3,1.85,0.089
Udalguri,11.0,3.7,12.0,13.7,0.75,5.5,0.5,0.24,0.042
West Karbi Anglong,67.0,3.1,6.6,1.9,0.35,1.0,0.3,8.69,0.002
Araria,154.0,18.6,29.8,5.6,0.73,4.9,0.0,1.02,0.019
Arwal,134.0,14.6,40.8,3.3,2.72,5.0,0.4,0.3,0.043
Aurangabad,274.0,4.2,13.8,1.3,0.81,21.5,1.4,2.46,0.024
Begusarai,108.0,18.3,34.8,16.4,0.4,6.2,0.4,1.99,0.064
Bhagalpur,95.0,11.6,6.2,8.4,0.56,8.0,0.2,0.05,0.081
Buxar,172.0,5.0,31.2,1.0,1.78,1.8,0.2,0.58,0.043
Darbhanga,265.0,9.0,31.9,1.7,0.03,2.6,0.4,0.72,0.009
East Champaran,135.0,18.6,46.2,1.1,0.81,6.9,0.3,0.81,0.075
Gaya,183.0,13.7,5.6,1.2,4.61,1.7,0.1,1.91,0.043
Jamui,63.0,13.2,22.2,9.8,0.78,3.8,0.1,0.13,0.015
Jehanabad,173.0,9.5,11.9,0.8,3.2,7.5,0.4,0.66,0.002
Kaimur,143.0,7.9,48.5,1.6,1.69,5.4,0.1,0.16,0.01
Katihar,87.0,11.7,47.1,12.7,0.82,0.5,0.2,1.28,0.025
Khagaria,96.0,12.1,35.3,10.7,0.03,4.9,0.3,0.96,0.088
Kishanganj,82.0,15.0,34.5,10.9,0.82,8.1,0.4,1.2,0.061
Lakhisarai,178.0,16.9,45.8,7.6,0.47,3.8,0.3,1.01,0.064
Madhepura,62.0,15.5,20.4,18.0,0.91,7.3,0.4,0.52,0.041
Madhubani,90.0,14.9,7.0,3.8,0.21,5.6,0.4,0.17,0.006
Munger,69.0,12.2,12.5,14.9,0.72,7.1,0.5,1.39,0.019
Muzaffarpur,97.0,12.4,42.9,1.5,0.85,5.5,0.2,0.1,0.043
Nalanda,103.0,11.6,28.9,2.4,0.4,7.9,0.1,1.24,0.097
Nawada,60.0,12.3,19.4,2.7,3.83,9.8,0.2,0.94,0.071
Patna,277.0,12.1,42.3,4.3,1.14,4.8,0.1,0.42,0.051
Purnia,51.0,16.0,23.4,13.6,0.95,7.9,0.2,1.68,0.086
Rohtas,157.0,15.7,44.5,3.8,4.51,0.3,0.1,1.79,0.033
Saharsa,61.0,14.5,12.0,8.3,0.45,2.7,0.0,1.46,0.026
Samastipur,86.0,48.3,48.0,1.6,0.36,0.4,0.2,1.9,0.087
Saran,54.0,5.6,17.4,2.9,2.15,9.9,0.2,0.05,0.082
Sheikhpura,72.0,19.8,42.8,10.8,0.64,7.4,0.4,1.83,0.057
Sheohar,81.0,7.2,36.6,2.5,0.37,5.1,0.1,0.71,0.057
Sitamarhi,199.0,14.6,45.4,2.0,0.66,0.5,0.1,0.16,0.053
Siwan,194.0,14.7,39.3,3.7,3.47,9.9,0.1,1.48,0.045
Supaul,143.0,16.6,47.4,14.6,0.96,1.7,0.1,1.57,0.04
Balod,68.0,2.4,81.0,4.6,0.19,6.0,0.3,0.96,0.033
Baloda Bazar,189.0,1.9,111.4,2.7,2.4,3.3,0.0,1.69,0.064
Balrampur,111.0,1.4,143.9,3.2,0.83,8.1,0.1,1.79,0.05
Bastar,192.0,2.4,56.6,0.8,0.98,7.1,0.0,1.6,0.055
Bemetara,172.0,1.2,106.9,4.5,0.91,7.1,0.5,1.32,0.092
Bijapur,202.0,2.6,14.7,0.5,0.23,33.3,0.8,2.12,0.013
Dantewada,93.0,3.0,73.2,2.7,4.92,4.5,0.4,1.07,0.05
Dhamtari,124.0,2.8,81.1,4.1,0.64,0.7,0.2,0.83,0.079
Durg,296.0,4.1,174.5,4.6,0.75,0.9,0.0,0.78,0.008
Gariaband,66.0,4.5,82.3,2.7,0.79,3.4,0.0,1.72,0.058
Janjgir-Champa,57.0,3.3,140.3,2.8,2.66,4.1,0.1,0.47,0.085
Jashpur,87.0,3.5,49.9,2.7,3.06,1.5,0.3,1.94,0.079
Kabirdham,154.0,0.5,85.3,4.2,3.04,3.6,0.5,0.77,0.062
Kanker,184.0,0.6,55.4,3.6,0.51,8.1,0.0,0.63,0.099
Kondagaon,196.0,0.5,111.8,3.5,0.31,9.0,0.4,0.08,0.058
Korba,127.0,2.6,130.9,0.9,1.06,3.5,0.2,0.05,0.082
Koriya,94.0,4.5,61.3,1.7,1.77,8.1,0.5,1.24,0.026
Mahasamund,287.0,3.5,83.3,3.2,0.95,3.1,0.0,0.98,0.032
Mungeli,197.0,0.8,98.4,1.3,4.55,7.8,0.1,1.08,0.01
Narayanpur,155.0,3.0,131.1,4.5,0.15,5.3,0.1,0.17,0.094
Raigarh,194.0,3.9,99.9,0.7,4.43,4.9,0.1,0.61,0.051
Raipur,236.0,3.2,116.0,4.5,0.46,8.6,0.1,1.06,0.004
Rajnandgaon,171.0,4.9,138.5,3.3,0.89,7.2,0.5,1.89,0.077
Sukma,192.0,1.3,7.8,2.2,3.3,9.7,0.1,0.62,0.097
Surajpur,70.0,2.5,56.1,2.0,4.46,2.4,0.2,0.38,0.066
Surguja,152.0,4.5,104.8,4.6,2.33,5.4,0.1,1.22,0.01
North Goa,108.0,2.9,49.0,2.7,0.07,4.1,0.4,1.23,0.097
South Goa,155.0,3.2,28.8,3.5,0.44,2.8,0.1,1.89,0.072
Ahmedabad,29.0,1.5,37.1,3.4,0.91,0.9,0.1,0.86,0.234
Amreli,34.0,1.3,32.2,2.9,0.49,7.8,0.4,0.73,0.451
Anand,119.0,4.9,40.5,3.0,0.34,4.9,0.3,0.95,0.706
Aravalli,27.0,2.0,34.5,3.8,0.63,0.6,0.2,1.55,0.217
Banaskantha,49.0,0.4,21.4,2.5,0.43,2.0,0.4,0.99,0.15
Bharuch,141.0,2.4,24.3,5.0,0.62,17.2,0.3,3.6,0.322
Bhavnagar,32.0,3.0,5.1,3.4,0.36,46.4,0.0,6.43,0.447
Botad,43.0,4.1,37.6,1.9,0.99,5.9,0.0,1.51,0.144
Dahod,76.0,3.3,37.1,2.8,0.41,5.2,0.1,0.27,0.176
Devbhoomi Dwarka,19.0,1.9,11.6,2.9,0.74,8.3,0.5,1.74,0.083
Gandhinagar,15.0,1.8,19.2,3.0,0.18,8.8,0.3,0.62,0.212
Jamnagar,24.0,3.3,33.9,1.9,0.42,3.5,0.2,0.87,0.083
Junagadh,13.0,2.8,37.0,3.4,0.67,6.4,0.4,0.16,0.223
Kheda,36.0,4.0,11.5,1.3,0.91,2.9,0.2,0.96,0.259
Kutch,11.0,4.3,16.6,3.3,0.77,3.4,0.4,0.97,0.053
Mahisagar,109.0,4.9,5.6,4.7,0.13,1.9,0.4,1.64,0.219
Mehsana,19.0,2.9,34.2,3.7,0.59,7.6,0.3,0.46,0.433
Morbi,38.0,3.0,30.1,2.6,0.73,8.2,0.4,0.54,0.214
Narmada,73.0,1.0,9.2,1.8,0.02,4.3,0.4,0.5,0.186
Navsari,97.0,2.1,20.0,5.0,0.58,48.9,0.3,3.01,0.206
Panchmahal,107.0,3.5,45.9,4.5,0.26,7.2,0.5,1.45,0.431
Patan,25.0,4.1,6.8,2.7,0.03,3.9,0.2,1.18,0.409
Porbandar,20.0,2.4,18.8,3.3,0.74,8.2,0.1,0.16,0.003
Rajkot,37.0,2.5,15.7,3.7,0.19,6.1,0.0,1.35,0.118
Sabarkantha,31.0,4.0,39.6,3.4,0.38,8.2,0.0,1.93,0.356
Surat,62.0,3.3,13.4,1.6,0.28,47.8,0.3,6.46,0.484
Surendranagar,50.0,2.0,37.6,3.8,0.57,2.5,0.1,0.66,0.294
Tapi,123.0,2.0,43.1,0.8,0.34,40.1,1.9,3.89,0.364
Vadodara,129.0,1.3,48.2,4.1,0.68,2.7,0.3,1.84,0.346
Valsad,154.0,1.3,49.5,3.6,0.99,37.6,0.5,9.41,0.243
Ambala,51.0,17.3,42.4,3.8,4.41,49.5,1.9,6.27,0.012
Bhiwani,168.0,12.5,32.3,19.7,4.86,32.4,1.6,7.25,0.078
Charkhi Dadri,76.0,18.9,48.0,19.1,2.98,43.8,1.4,9.12,0.062
Faridabad,180.0,10.8,32.3,18.3,2.48,24.7,1.4,11.26,0.041
Fatehabad,74.0,14.2,17.7,5.0,4.41,19.2,1.8,7.86,0.085
Gurgaon,199.0,18.9,33.8,18.5,3.6,32.9,1.9,12.07,0.021
Hissar,76.0,16.7,15.7,15.1,3.35,40.4,1.6,9.09,0.096
Jhajjar,141.0,14.1,13.6,15.4,4.19,25.8,1.7,8.5,0.047
Jind,104.0,12.2,18.3,12.1,1.7,21.5,1.2,8.55,0.075
Kaithal,74.0,5.3,14.4,17.5,1.68,38.9,1.6,3.25,0.007
Karnal,99.0,9.0,46.2,15.9,4.81,38.2,1.1,6.36,0.053
Kurukshetra,145.0,11.2,24.9,12.5,3.42,39.1,0.6,3.81,0.062
Mahendragarh,56.0,18.5,49.8,6.9,4.98,44.0,1.4,8.28,0.037
Nuh,52.0,11.7,7.7,18.7,3.07,16.1,2.0,12.1,0.057
Palwal,189.0,6.5,7.9,18.7,3.6,41.3,1.0,10.16,0.005
Panchkula,60.0,12.1,5.1,3.8,3.93,12.6,0.9,2.55,0.09
Panipat,97.0,5.7,15.4,15.2,5.8,19.3,1.8,5.28,0.092
Rewari,67.0,16.3,21.0,7.2,2.25,18.6,0.6,4.21,0.041
Rohtak,87.0,17.3,8.4,14.5,2.32,29.4,1.2,4.19,0.009
Sirsa,89.0,11.2,10.1,4.9,4.5,22.3,0.9,9.1,0.045
Sonipat,81.0,12.0,15.8,14.7,2.4,40.2,1.7,2.68,0.064
Yamuna Nagar,65.0,15.8,44.6,14.4,1.7,12.9,1.0,7.79,0.007
Chamba,29.0,16.1,18.5,1.4,0.3,5.0,0.7,0.65,0.055
Kangra,30.0,13.6,18.3,2.7,0.81,6.8,0.6,0.67,0.029
Kinnaur,10.0,14.7,22.6,2.1,3.05,5.2,0.6,0.85,0.031
Lahaul and Spiti,37.0,14.5,17.4,4.9,0.97,6.9,0.2,0.9,0.068
Shimla,133.0,19.1,31.9,0.9,3.22,46.5,1.8,7.81,0.019
Sirmaur,98.0,11.7,31.5,2.8,2.41,47.6,0.7,9.79,0.021
Solan,136.0,18.5,45.1,2.3,3.58,39.5,0.6,2.47,0.076
Una,24.0,10.2,49.4,2.4,3.95,3.5,1.8,1.7,0.09
Bokaro,100.0,15.5,7.4,13.2,0.41,32.3,0.0,1.39,0.048
Chatra,169.0,14.3,37.7,3.4,2.54,2.1,0.2,0.16,0.004
Deoghar,178.0,19.0,21.7,18.2,0.29,10.8,0.3,0.36,0.077
Dhanbad,177.0,13.3,7.8,9.3,0.94,40.9,0.1,1.54,0.015
Dumka,94.0,19.8,49.8,16.4,0.8,38.4,0.1,0.31,0.08
East Singhbhum,104.0,2.5,89.5,6.8,0.29,37.6,0.2,1.64,0.071
Garhwa,195.0,17.3,49.1,3.8,1.77,9.4,0.0,0.18,0.018
Giridih,61.0,8.7,7.0,12.8,0.96,41.4,0.4,1.39,0.029
Godda,62.0,14.9,45.0,12.9,0.24,22.2,0.2,0.32,0.031
Gumla,127.0,0.9,19.8,4.7,1.36,8.1,0.2,1.24,0.09
Hazaribag,164.0,5.9,22.7,1.6,2.16,3.2,0.5,1.78,0.095
Jamtara,191.0,11.5,49.5,12.4,0.22,14.7,0.1,0.05,0.085
Khunti,93.0,1.8,63.0,3.7,3.6,2.8,0.3,1.23,0.043
Koderma,55.0,12.4,14.9,12.4,4.09,5.0,0.4,1.04,0.077
Latehar,93.0,8.6,38.9,3.8,1.83,3.7,0.4,0.73,0.012
Lohardaga,164.0,8.9,13.3,1.1,2.41,6.3,0.2,1.97,0.039
Pakur,103.0,11.1,41.8,19.8,0.74,43.3,0.2,0.81,0.03
Palamu,191.0,8.7,39.7,4.5,5.0,4.8,0.3,0.54,0.017
Ramgarh,195.0,6.8,41.5,12.9,2.35,4.8,0.1,0.51,0.075
Ranchi,83.0,4.9,55.9,2.0,2.69,10.0,0.3,1.68,0.016
Sahibganj,106.0,19.5,36.2,17.5,0.58,7.7,0.0,0.89,0.002
Seraikela Kharsawan,121.0,4.4,138.4,17.6,0.11,25.0,0.3,1.78,0.099
Simdega,18.0,1.1,147.2,3.7,3.42,1.7,0.4,1.01,0.066
West Singhbhum,194.0,2.2,110.9,11.9,0.79,22.5,0.4,0.48,0.046
Bagalkot,137.0,1.6,43.0,3.9,0.25,1.3,0.5,0.94,0.043
Ballari,92.0,4.7,37.1,0.6,0.37,19.8,1.5,9.61,0.086
Belgaum,130.0,2.3,48.8,4.0,0.45,4.9,0.5,1.57,0.05
Bangalore Rural,187.0,2.1,57.4,0.9,0.28,27.2,0.6,9.43,0.085
Bangalore Urban,167.0,2.9,93.9,3.6,0.82,78.4,1.4,14.77,0.07
Bidar,60.0,1.2,21.5,1.4,0.99,32.6,0.7,0.67,0.002
Chamarajnagar,17.0,1.1,82.8,3.3,0.06,24.3,1.9,2.45,0.082
Chikkaballapur,124.0,0.8,57.6,3.9,0.78,30.5,1.2,8.51,0.013
Chikkamagaluru,30.0,4.9,39.0,1.4,0.76,35.5,0.2,2.97,0.092
Chitradurga,45.0,1.3,41.9,4.2,0.83,47.0,1.5,3.17,0.083
Dakshina Kannada,13.0,4.6,42.4,1.0,0.48,17.7,0.1,4.59,0.019
Davanagere,52.0,4.7,15.0,2.5,0.94,25.6,1.6,6.44,0.019
Dharwad,93.0,2.6,35.6,3.2,0.26,2.8,0.4,0.93,0.033
Gadag,131.0,3.3,11.8,1.1,0.82,2.6,1.3,0.45,0.011
Gulbarga,72.0,2.3,9.8,1.7,0.06,31.6,1.9,0.91,0.082
Haveri,177.0,3.0,23.3,1.6,0.53,5.2,1.2,1.4,0.052
Kodagu,45.0,0.9,46.9,4.7,0.44,26.7,0.0,8.75,0.096
Kolar,63.0,2.7,143.4,4.3,0.42,44.5,1.5,5.17,0.05
Koppal,126.0,3.2,21.9,1.6,0.01,3.2,1.3,1.65,0.029
Mandya,36.0,3.1,61.2,3.6,0.12,15.8,0.2,3.41,0.046
Mysuru,35.0,0.7,81.3,4.9,0.16,32.5,0.1,9.17,0.054
Raichur,197.0,1.3,25.2,4.3,0.93,42.8,1.2,1.78,0.083
Ramanagara,40.0,4.7,37.0,1.4,0.23,35.6,0.4,6.15,0.009
Shimoga,37.0,3.8,12.7,2.5,0.54,10.1,0.1,9.48,0.052
Tumakuru,25.0,2.9,69.1,4.8,0.7,38.9,2.0,3.91,0.054
Udupi,30.0,1.2,15.7,0.7,0.85,2.4,0.2,1.34,0.048
Uttara Kannada,62.0,3.6,9.6,1.8,0.57,1.7,0.3,0.6,0.07
Vijayapura,194.0,3.7,54.7,4.6,0.99,38.7,0.9,4.94,0.093
Yadgir,63.0,3.0,49.5,4.8,0.6,10.8,1.4,1.22,0.08
Alappuzha,46.0,1.9,8.6,3.4,0.55,21.3,0.3,0.75,0.039
Ernakulam,33.0,4.2,20.7,3.5,0.67,94.4,0.0,1.37,0.008
Idukki,11.0,3.4,10.1,3.8,0.55,30.7,0.8,1.68,0.064
Kannur,28.0,2.9,23.7,3.8,0.74,35.4,0.0,2.97,0.096
Kasaragod,30.0,1.3,20.9,2.3,0.2,30.5,0.0,8.85,0.063
Kollam,41.0,1.3,27.0,1.6,0.41,29.7,0.3,0.66,0.065
Kottayam,43.0,4.6,16.8,0.7,0.17,35.2,0.5,1.9,0.053
Kozhikode,40.0,3.9,36.1,2.1,0.37,40.8,0.4,8.82,0.064
Malappuram,11.0,3.3,49.2,0.8,0.2,23.2,0.1,2.58,0.077
Palakkad,24.0,2.8,27.9,2.4,0.11,13.9,1.3,4.65,0.074
Pathanamthitta,43.0,1.9,15.4,0.6,0.37,23.4,0.3,1.23,0.063
Thrissur,14.0,4.0,43.6,4.6,0.48,31.1,0.4,1.74,0.042
Thiruvananthapuram,22.0,1.1,12.9,1.6,0.75,13.8,0.2,1.51,0.059
Wayanad,17.0,2.8,26.8,4.1,0.77,36.2,0.3,6.56,0.05
Agar Malwa,199.0,3.2,23.9,2.7,4.85,3.3,0.1,0.66,0.097
Alirajpur,88.0,5.0,6.2,4.3,0.21,4.9,1.6,1.76,0.226
Anuppur,177.0,0.2,103.1,1.0,2.37,8.3,0.3,0.19,0.073
Ashok Nagar,53.0,2.5,22.6,3.0,4.7,7.6,0.1,0.62,0.068
Balaghat,129.0,4.1,135.5,4.7,0.53,7.5,0.0,0.98,0.071
Barwani,50.0,2.2,39.3,2.2,3.5,0.8,1.0,0.15,0.379
Betul,179.0,4.6,38.1,3.4,3.12,3.9,0.7,1.65,0.054
Bhind,139.0,9.7,52.8,19.5,0.41,40.3,1.4,4.62,0.093
Bhopal,84.0,3.7,25.2,3.7,5.52,6.3,0.2,0.43,0.035
Burhanpur,155.0,0.1,22.5,1.9,2.22,4.0,1.9,1.94,0.078
Chachaura-Binaganj,123.0,2.3,45.5,1.4,2.01,7.0,0.0,0.17,0.012
Chhatarpur,178.0,3.1,63.5,2.5,2.7,8.0,0.0,1.17,0.1
Chhindwara,71.0,3.5,96.3,2.7,2.51,3.0,0.2,0.54,0.062
Damoh,191.0,2.7,67.8,3.8,0.69,8.4,0.2,1.68,0.07
Datia,165.0,10.5,143.2,17.6,3.25,3.4,0.3,0.97,0.031
Dewas,120.0,1.2,47.4,2.1,3.14,0.3,1.5,1.62,0.011
Dhar,114.0,1.6,44.3,1.0,1.86,0.8,1.6,1.57,0.183
Dindori,97.0,2.4,105.4,1.4,2.11,3.2,0.2,1.73,0.063
Guna,79.0,1.8,17.1,4.0,1.94,1.5,0.1,1.35,0.066
Gwalior,121.0,10.0,87.1,13.4,0.15,37.8,0.1,3.54,0.034
Harda,188.0,0.7,45.9,3.6,2.15,2.7,2.0,1.17,0.048
Hoshangabad,98.0,0.4,32.5,1.2,4.58,7.4,1.8,0.27,0.006
Indore,231.0,0.5,10.6,3.7,2.08,4.8,1.2,0.56,0.412
Jabalpur,89.0,4.4,57.3,0.5,4.6,9.3,0.4,1.16,0.034
Jhabua,171.0,3.5,32.9,1.9,4.86,9.4,1.0,1.0,0.181
Katni,30.0,1.9,81.0,1.2,4.36,0.8,0.0,0.89,0.042
Maihar,141.0,3.2,58.7,2.3,4.84,3.1,0.4,0.78,0.095
Mandla,63.0,3.6,134.3,3.4,4.68,3.8,0.2,0.94,0.018
Mandsaur,132.0,1.6,7.8,1.7,1.3,9.5,0.1,0.83,0.154
Morena,154.0,17.6,61.2,17.2,0.39,10.3,1.8,3.96,0.021
Narsinghpur,96.0,3.6,109.8,2.7,3.53,1.7,0.2,0.84,0.021
Neemuch,122.0,2.8,16.5,3.7,4.66,9.0,0.5,1.24,0.442
Panna,78.0,2.6,104.5,3.4,3.92,4.1,0.5,1.95,0.019
Raisen,134.0,3.4,45.6,1.5,2.81,2.5,0.3,0.18,0.069
Rajgarh,56.0,3.6,44.0,2.7,1.86,9.1,0.5,0.74,0.233
Ratlam,75.0,1.1,36.7,2.5,4.02,6.9,0.2,0.68,0.203
Rewa,68.0,1.4,101.8,2.3,4.64,1.4,0.1,0.29,0.017
Sagar,15.0,3.0,48.4,0.6,2.55,7.4,0.3,0.32,0.062
Satna,158.0,4.3,116.0,3.4,3.09,3.3,0.1,0.14,0.085
Sehore,163.0,3.5,12.7,2.5,3.47,4.9,0.2,0.74,0.093
Seoni,179.0,3.6,78.4,4.8,4.82,1.0,0.4,1.95,0.051
Shahdol,50.0,2.8,79.5,2.9,4.18,2.8,0.3,1.37,0.047
Shajapur,55.0,4.4,22.9,2.7,3.52,3.2,0.4,1.53,0.075
Sheopur,41.0,16.8,41.8,5.3,1.27,1.3,0.1,2.59,0.004
Shivpuri,98.0,1.8,7.0,2.9,3.44,7.7,0.4,1.54,0.048
Sidhi,165.0,2.4,78.1,4.3,4.02,5.8,0.4,0.89,0.091
Singrauli,80.0,3.1,5.6,1.6,5.74,1.9,0.2,1.17,0.098
Tikamgarh,12.0,4.4,78.8,2.2,1.81,5.2,0.3,0.16,0.003
Ujjain,117.0,3.1,26.9,2.2,3.37,3.7,0.1,1.61,0.482
Umaria,194.0,2.2,133.5,2.6,2.63,9.5,0.3,1.87,0.026
Vidisha,103.0,3.8,48.7,4.5,4.09,7.7,0.4,0.9,0.097
Ahmednagar,163.0,4.2,19.3,3.1,0.24,25.5,1.1,9.4,0.049
Akola,170.0,4.6,19.2,4.4,0.68,0.2,1.5,0.81,0.02
Amravati,58.0,4.4,7.8,2.1,2.31,9.4,1.1,1.05,0.019
Aurangabad,228.0,1.5,9.2,1.2,0.15,16.7,0.6,5.53,0.079
Beed,124.0,2.6,9.2,4.5,0.58,17.5,1.7,7.29,0.081
Bhandara,130.0,4.1,138.1,3.4,0.57,2.7,0.4,1.81,0.088
Buldhana,145.0,4.2,20.3,2.7,0.38,6.7,3.3,1.05,0.015
Chandrapur,126.0,1.2,56.3,1.8,0.16,32.2,0.2,0.15,0.054
Dhule,106.0,3.9,45.2,4.3,0.14,41.9,1.1,3.24,0.158
Gadchiroli,120.0,4.2,96.3,1.3,0.61,9.6,0.4,1.27,0.07
Gondia,66.0,1.0,80.9,1.5,0.06,7.8,0.1,0.49,0.073
Hingoli,76.0,3.8,35.7,3.0,0.49,37.9,1.4,0.71,0.06
Jalgaon,100.0,1.1,28.2,1.8,0.84,13.3,1.5,2.59,0.033
Jalna,117.0,4.9,19.7,1.4,0.09,4.1,1.9,4.07,0.068
Kolhapur,176.0,1.5,29.5,2.7,0.7,33.6,0.5,4.93,0.05
Latur,156.0,0.6,46.1,3.1,0.52,26.8,1.5,3.74,0.009
Mumbai City,63.0,1.1,36.8,4.7,0.11,86.9,0.4,11.89,0.004
Mumbai suburban,92.0,0.8,44.5,1.3,0.83,62.7,0.4,11.62,0.006
Nanded,107.0,0.3,28.1,2.1,0.96,17.9,1.9,0.26,0.061
Nandurbar,75.0,3.3,48.5,3.9,0.68,46.8,0.9,7.1,0.234
Nagpur,142.0,2.4,143.4,0.6,0.4,9.0,0.9,0.36,0.065
Nashik,154.0,2.1,16.0,2.5,0.01,20.6,1.6,5.32,0.094
Osmanabad,150.0,3.5,39.5,2.9,0.42,3.3,0.2,4.4,0.042
Palghar,60.0,3.0,16.6,4.0,0.76,31.1,0.3,5.94,0.007
Parbhani,110.0,0.3,16.0,1.0,0.19,31.6,1.4,0.43,0.088
Pune,115.0,1.8,33.8,2.1,0.15,27.2,0.4,10.63,0.018
Raigad,72.0,0.2,27.8,1.4,0.88,25.6,0.1,8.89,0.097
Ratnagiri,194.0,1.5,28.2,4.0,0.26,45.6,0.4,4.14,0.054
Sangli,50.0,3.0,25.4,3.6,0.63,40.4,0.3,5.31,0.023
Satara,116.0,0.9,34.9,3.1,0.31,23.7,0.4,7.21,0.097
Sindhudurg,109.0,1.7,6.1,2.1,0.29,1.5,0.1,8.83,0.02
Solapur,50.0,1.6,6.7,3.3,0.84,8.6,0.1,7.34,0.01
Thane,134.0,0.9,15.6,1.2,0.32,78.6,0.0,12.08,0.044
Wardha,83.0,4.3,73.6,1.1,3.98,9.1,1.1,1.78,0.027
Washim,52.0,4.0,16.1,3.9,0.18,9.4,0.7,1.45,0.046
Yavatmal,45.0,1.1,31.0,3.6,0.72,8.6,0.7,0.2,0.037
Bishnupur,39.0,1.1,15.8,13.4,0.2,0.3,0.1,1.03,0.017
Chandel,35.0,1.6,41.4,0.9,0.61,9.5,0.4,0.66,0.037
Churachandpur,22.0,5.0,34.4,9.2,0.69,8.9,0.4,0.46,0.093
Imphal East,46.0,3.5,48.4,14.6,0.51,2.1,0.0,0.61,0.058
Imphal West,14.0,3.6,28.2,7.7,0.25,9.6,0.4,0.34,0.074
Jiribam,16.0,4.2,33.2,16.8,0.85,8.4,0.3,0.59,0.034
Kakching,18.0,1.3,11.2,17.4,0.51,2.2,0.2,1.47,0.05
Kamjong,49.0,4.1,11.4,9.9,0.15,6.2,0.5,0.06,0.015
Kangpokpi,12.0,4.1,20.6,5.4,0.43,3.5,0.1,0.16,0.04
Tamenglong,36.0,4.3,10.2,14.4,0.14,0.2,0.3,0.14,0.068
Tengnoupal,21.0,4.2,45.5,4.1,0.36,1.3,0.1,0.24,0.008
Thoubal,18.0,1.4,21.0,16.4,0.97,4.6,0.5,0.3,0.026
Ukhrul,35.0,3.6,37.4,16.8,0.98,4.6,0.2,1.5,0.037
East Garo Hills,31.0,0.9,17.7,12.9,0.77,3.6,0.2,0.32,0.021
East Khasi Hills,18.0,4.2,49.6,8.6,0.62,5.8,0.4,0.37,0.072
North Garo Hills,21.0,1.8,12.8,8.6,0.67,6.5,0.1,1.34,0.036
Ri Bhoi,27.0,4.2,40.3,18.3,0.96,0.2,0.3,1.28,0.016
South Garo Hills,30.0,4.3,34.7,5.4,0.75,2.7,0.4,0.65,0.045
West Jaintia Hills,33.0,2.8,7.0,16.6,0.63,3.1,0.2,0.85,0.026
West Garo Hills,27.0,2.5,18.7,7.4,0.99,7.4,0.4,1.99,0.009
West Khasi Hills,34.0,2.1,25.0,16.1,0.94,8.7,0.1,0.49,0.002
Aizawl,36.0,4.8,11.6,2.3,0.35,5.2,0.2,1.23,0.018
Champhai,15.0,1.9,6.8,3.2,0.06,7.8,0.1,0.41,0.025
Hnahthial,41.0,3.2,6.0,4.1,0.6,7.7,0.2,0.8,0.072
Khawzawl,36.0,4.9,40.8,1.9,0.89,7.7,0.4,0.11,0.058
Kolasib,17.0,2.6,9.9,17.4,0.08,6.7,0.0,1.0,0.081
Lawngtlai,48.0,4.7,20.7,3.5,0.01,9.2,0.2,0.18,0.083
Lunglei,13.0,2.1,49.8,3.2,0.99,3.1,0.5,0.45,0.077
Mamit,23.0,1.7,23.5,0.6,0.89,2.0,0.2,1.35,0.041
Saiha,28.0,1.3,25.2,3.2,0.85,1.9,0.0,1.61,0.094
Saitual,46.0,3.7,21.5,1.8,0.36,2.9,0.5,1.88,0.053
Serchhip,19.0,4.2,8.2,3.2,0.67,2.0,0.4,1.45,0.088
Dimapur,47.0,1.8,13.3,8.0,0.61,1.2,0.1,0.61,0.063
Kiphire,16.0,1.1,45.0,8.2,0.65,1.0,0.1,0.81,0.004
Kohima,34.0,0.9,37.3,16.8,0.71,1.3,0.2,0.83,0.06
Longleng,19.0,0.4,20.2,11.8,0.49,1.9,0.1,0.21,0.018
Mokokchung,41.0,1.8,28.8,14.4,0.04,8.0,0.4,1.36,0.02
Mon,18.0,4.1,47.9,8.5,0.35,9.4,0.4,0.5,0.092
Noklak,44.0,2.8,41.8,10.5,0.04,0.2,0.0,0.11,0.042
Peren,32.0,2.0,31.7,14.5,0.31,7.3,0.3,1.3,0.045
Phek,37.0,0.3,39.6,19.5,0.9,0.6,0.3,1.34,0.087
Tuensang,25.0,3.7,45.1,7.8,0.54,4.5,0.2,1.38,0.086
Wokha,27.0,4.4,24.2,10.6,0.29,7.6,0.5,0.68,0.08
Zunheboto,33.0,2.8,10.6,13.4,0.55,4.4,0.5,1.26,0.053
Angul,49.0,3.2,137.3,0.6,3.43,6.9,0.2,0.86,0.091
Bhadrak,102.0,0.5,144.3,11.5,3.79,48.3,0.0,0.3,0.077
Balangir,111.0,2.3,136.7,1.6,1.17,2.9,0.1,0.17,0.06
Balasore,109.0,3.0,106.7,6.8,2.56,16.8,0.4,1.89,0.007
Cuttack,18.0,1.8,188.1,2.2,2.17,2.6,0.2,1.02,0.09
Dhenkanal,16.0,1.5,78.6,0.6,2.77,4.9,0.1,0.44,0.072
Ganjam,31.0,2.0,130.1,0.7,3.52,3.2,0.2,0.88,0.062
Gajapati,45.0,2.8,142.7,4.9,1.55,4.8,0.3,1.56,0.015
Jharsuguda,150.0,3.8,76.2,0.8,1.73,2.4,0.1,1.65,0.022
Jajpur,127.0,2.5,96.8,18.0,2.51,12.4,0.0,0.58,0.056
Jagatsinghpur,33.0,3.6,107.0,2.6,3.93,2.0,0.4,0.44,0.072
Khordha,42.0,2.7,73.0,3.2,4.44,2.3,0.1,1.57,0.063
Kalahandi,141.0,3.9,106.6,1.7,3.89,6.3,0.3,0.91,0.095
Kandhamal,184.0,1.9,85.3,4.0,2.04,9.9,0.1,0.53,0.031
Koraput,133.0,0.3,42.4,4.1,0.42,3.0,0.1,1.11,0.066
Kendrapara,37.0,4.5,145.4,5.2,1.27,42.0,0.1,1.86,0.046
Malkangiri,106.0,3.2,39.3,1.4,4.09,6.1,0.4,1.17,0.003
Mayurbhanj,59.0,2.1,110.2,15.8,1.58,17.0,0.2,1.18,0.058
Nabarangpur,196.0,2.6,131.3,3.4,0.02,2.0,0.2,0.78,0.005
Nuapada,151.0,2.4,121.6,2.4,0.54,2.8,0.4,1.52,0.03
Nayagarh,46.0,1.7,104.8,1.4,1.35,2.7,0.3,0.47,0.043
Puri,10.0,1.2,50.3,4.4,9.17,5.8,0.4,0.71,0.034
Rayagada,112.0,1.8,116.5,0.9,3.95,8.5,0.3,1.01,0.076
Sambalpur,129.0,4.3,98.4,2.4,4.7,7.4,0.3,0.89,0.041
Sundargarh,116.0,1.6,134.2,4.8,1.06,7.7,0.4,1.03,0.025
Amritsar,50.0,5.5,40.2,1.2,0.38,1.0,1.3,1.02,0.074
Barnala,142.0,11.4,37.7,2.7,3.06,33.6,1.9,5.7,0.003
Bathinda,87.0,32.6,24.8,1.0,4.62,13.3,0.7,5.92,0.025
Firozpur,49.0,6.7,9.0,3.0,1.35,4.0,1.6,1.0,0.056
Faridkot,35.0,8.6,39.1,1.9,2.18,9.7,1.8,1.67,0.084
Fatehgarh Sahib,190.0,13.5,41.6,4.9,3.51,30.7,1.9,3.23,0.073
Fazilka,38.0,9.8,38.8,5.0,0.45,3.8,0.9,1.57,0.01
Gurdaspur,39.0,5.4,45.3,1.1,0.61,2.2,1.3,0.19,0.086
Hoshiarpur,25.0,9.9,18.8,4.5,2.94,5.4,1.7,1.62,0.042
Jalandhar,23.0,11.8,17.1,3.4,1.32,9.1,1.2,0.28,0.012
Kapurthala,36.0,7.5,25.4,2.1,4.42,8.9,0.6,0.26,0.069
Ludhiana,97.0,18.7,11.1,1.7,2.08,39.0,1.5,5.62,0.003
Moga,39.0,10.0,30.0,3.1,4.58,4.0,1.0,1.0,0.082
Sri Muktsar Sahib,24.0,19.0,46.6,1.3,1.38,3.5,1.6,1.17,0.014
Pathankot,38.0,7.2,20.3,1.7,0.56,7.6,1.1,0.66,0.092
Patiala,179.0,17.8,20.9,3.8,3.78,26.4,0.6,9.64,0.093
Rupnagar,109.0,17.7,25.4,2.7,2.5,35.6,1.6,7.55,0.049
Sahibzada Ajit Singh Nagar,129.0,18.8,17.3,4.1,3.59,10.6,1.6,3.91,0.08
Sangrur,116.0,9.8,41.2,1.0,3.22,20.9,3.7,5.91,0.017
Shahid Bhagat Singh Nagar,110.0,7.8,16.3,4.8,4.59,45.0,1.3,3.83,0.06
Tarn Taran,25.0,16.1,25.5,1.2,0.74,8.0,1.7,0.99,0.006
Ajmer,180.0,13.1,39.9,4.6,0.73,3.9,0.3,1.12,0.078
Alwar,129.0,41.5,31.4,9.5,3.53,39.8,0.5,9.28,0.021
Bikaner,140.0,25.8,25.5,2.2,0.97,5.0,0.1,0.36,0.083
Barmer,104.0,2.7,13.6,1.8,0.81,0.2,0.3,0.61,0.082
Banswara,133.0,19.1,37.0,2.2,0.55,1.0,0.1,1.64,0.091
Bharatpur,134.0,16.5,57.6,6.0,3.98,48.1,0.7,7.68,0.012
Baran,156.0,15.8,37.5,2.6,2.97,7.7,0.0,1.97,0.012
Bundi,22.0,11.4,34.9,4.2,4.82,3.0,0.1,0.67,0.05
Bhilwara,46.0,4.7,31.6,1.2,0.77,3.1,0.4,1.85,0.014
Churu,62.0,17.5,22.4,1.9,1.94,41.4,1.6,2.52,0.049
Chittorgarh,75.0,2.9,39.1,3.1,0.46,5.5,0.4,0.9,0.01
Dausa,160.0,15.1,8.4,5.4,0.68,40.1,0.2,2.28,0.059
Dholpur,64.0,8.8,72.1,6.9,0.2,17.9,1.3,9.53,0.024
Dungarpur,71.0,3.4,28.9,2.2,0.18,1.2,0.2,1.13,0.248
Ganganagar,192.0,9.3,41.8,4.7,0.86,4.3,0.6,1.04,0.008
Hanumangarh,138.0,16.3,43.7,3.1,3.89,18.6,1.1,7.19,0.098
Jhunjhunu,38.0,1.2,15.4,4.1,0.11,0.3,0.1,1.64,0.078
Jalore,154.0,0.3,5.7,1.2,0.47,9.1,0.3,0.18,0.063
Jodhpur,295.0,17.7,20.6,1.5,0.14,8.3,0.3,0.84,0.023
Jaipur,64.0,7.7,47.0,15.7,2.21,36.6,1.3,6.91,0.053
Jaisalmer,79.0,5.2,31.7,3.2,0.66,6.4,0.4,0.88,0.048
Jhalawar,182.0,2.7,38.7,1.8,2.7,2.9,0.3,0.45,0.023
Karauli,174.0,13.2,27.4,15.8,0.7,30.4,0.7,6.61,0.035
Kota,129.0,1.0,11.4,3.4,0.32,8.7,0.0,0.78,0.048
Nagaur,181.0,13.5,27.8,1.1,0.46,5.1,0.5,1.34,0.066
Pali,114.0,15.8,11.5,3.0,0.19,8.9,0.1,1.51,0.085
Rajsamand,50.0,2.1,22.0,3.4,0.35,9.2,0.2,0.87,0.472
Sikar,72.0,5.8,6.9,4.3,0.36,6.4,0.5,3.46,0.074
Sawai Madhopur,38.0,11.0,38.8,8.5,0.77,9.8,0.1,4.17,0.1
Sirohi,23.0,4.5,20.5,1.2,0.58,0.5,0.1,0.56,0.434
Tonk,28.0,16.9,37.9,0.6,0.17,4.3,0.5,9.04,0.007
Udaipur,153.0,4.4,10.3,1.4,0.99,6.8,0.4,1.25,0.498
East Sikkim,94.0,3.3,5.5,1.6,0.72,6.2,0.4,0.42,0.033
North Sikkim,42.0,0.1,9.8,4.3,0.59,9.7,0.1,1.68,0.066
South Sikkim,180.0,8.7,22.9,2.8,0.54,0.9,0.3,1.41,0.011
West Sikkim,155.0,8.9,9.4,4.0,0.08,5.2,0.1,0.53,0.021
Ariyalur,62.0,2.7,148.5,0.7,0.55,23.4,0.8,4.27,0.055
Chengalpattu,184.0,0.6,139.6,2.0,0.37,14.1,1.4,8.59,0.044
Chennai,224.0,0.5,50.6,1.2,0.54,81.9,1.9,10.31,0.075
Coimbatore,18.0,4.1,16.3,4.6,0.33,24.7,1.8,8.8,0.044
Cuddalore,192.0,1.0,93.5,2.1,0.45,37.6,2.0,6.7,0.035
Dharmapuri,59.0,4.1,140.0,4.5,0.66,43.9,0.6,3.13,0.038
Dindigul,15.0,4.8,13.4,4.2,0.41,40.0,1.1,8.24,0.019
Erode,27.0,2.4,83.2,3.5,0.95,25.1,1.4,2.58,0.069
Kallakurichi,161.0,2.5,120.1,2.1,0.64,13.4,1.1,2.84,0.072
Kanchipuram,95.0,4.7,88.6,4.9,0.51,42.3,0.8,7.77,0.019
Kanyakumari,49.0,4.1,45.2,3.3,0.66,22.8,0.4,0.49,0.033
Karur,17.0,0.5,148.6,3.7,0.97,37.2,1.4,7.25,0.014
Krishnagiri,163.0,3.3,80.3,3.8,0.47,13.6,1.8,5.7,0.06
Madurai,12.0,0.9,38.9,0.9,0.7,37.1,1.3,0.84,0.066
Mayiladuthurai,104.0,2.2,50.1,2.8,0.03,13.4,1.3,9.83,0.048
Nagapattinam,145.0,4.3,78.3,1.5,0.51,28.2,1.7,9.12,0.075
Nilgiris,30.0,0.6,40.3,4.1,0.86,18.7,1.6,6.83,0.021
Namakkal,42.0,3.5,64.1,4.7,0.28,39.1,1.9,2.86,0.05
Perambalur,181.0,2.9,117.5,1.1,0.5,39.8,1.0,8.46,0.081
Pudukkottai,21.0,0.4,74.1,1.4,0.49,40.7,1.0,0.52,0.032
Ramanathapuram,36.0,1.1,15.2,2.3,0.16,16.5,0.9,0.23,0.083
Ranipet,104.0,4.1,176.4,2.7,0.96,45.3,1.9,6.56,0.088
Salem,110.0,3.4,88.7,1.1,0.63,36.4,1.0,4.04,0.055
Sivaganga,31.0,3.7,17.8,0.6,0.87,20.4,1.0,0.18,0.007
Tenkasi,33.0,1.4,47.9,1.8,0.3,34.9,1.9,0.07,0.046
Tirupur,22.0,2.4,101.6,3.9,0.38,21.9,1.8,3.94,0.033
Tiruchirappalli,42.0,1.9,77.6,4.6,0.25,20.2,1.4,8.03,0.031
Theni,31.0,2.7,11.3,3.1,0.84,10.1,1.5,1.88,0.026
Tirunelveli,46.0,4.8,21.2,4.2,0.53,19.9,1.0,1.32,0.008
Thanjavur,169.0,0.2,112.6,3.4,0.77,15.5,4.3,6.69,0.042
Thoothukudi,45.0,2.6,39.1,3.9,0.77,40.7,1.9,1.76,0.048
Tirupattur,98.0,4.6,87.4,5.0,0.77,33.5,0.9,3.24,0.033
Tiruvallur,174.0,4.8,107.4,3.1,0.73,28.5,1.9,9.7,0.013
Tiruvarur,184.0,4.2,126.5,3.5,0.13,49.8,1.1,4.46,0.035
Tiruvannamalai,52.0,0.3,113.7,2.8,0.49,20.5,1.6,3.48,0.074
Vellore,126.0,2.3,187.6,2.0,0.93,34.1,1.6,3.62,0.001
Viluppuram,116.0,2.6,61.5,3.1,0.58,19.3,1.3,9.63,0.03
Virudhunagar,29.0,3.1,19.1,3.3,0.75,18.6,1.0,1.87,0.018
Adilabad,132.0,2.8,18.7,4.7,0.64,33.3,2.0,1.91,0.005
Hyderabad,226.0,0.6,38.2,2.4,0.78,60.2,1.3,2.0,0.041
Jagtial,163.0,3.4,31.1,1.6,0.19,48.0,0.1,1.43,0.085
Jangaon,63.0,0.6,10.9,2.1,4.88,10.9,1.4,1.98,0.06
Kamareddy,162.0,2.6,17.8,3.7,0.98,22.8,1.3,1.23,0.002
Karimnagar,192.0,3.4,24.3,4.0,0.93,20.8,0.2,0.24,0.052
Khammam,162.0,0.5,45.3,4.5,2.59,47.0,1.4,0.53,0.077
Mahabubabad,77.0,1.4,16.0,3.7,2.38,25.7,0.7,1.33,0.091
Mahbubnagar,179.0,1.3,8.2,4.6,0.96,48.2,1.0,0.84,0.05
Mancherial,120.0,4.0,27.0,2.0,0.64,21.8,0.3,1.46,0.04
Medak,116.0,0.8,32.3,1.1,0.57,26.7,1.2,0.44,0.058
Mulugu,152.0,2.6,9.9,3.0,3.07,42.4,0.4,1.57,0.02
Nalgonda,137.0,3.6,39.5,4.5,4.71,25.2,1.6,0.23,0.002
Narayanpet,86.0,2.1,48.7,1.2,0.2,43.7,1.0,0.99,0.093
Nagarkurnool,75.0,2.9,42.2,3.2,0.32,31.7,1.4,0.57,0.043
Nirmal,88.0,3.5,38.8,4.9,0.14,11.2,1.6,0.74,0.038
Nizamabad,197.0,2.0,10.4,0.6,0.54,36.5,0.7,1.14,0.075
Peddapalli,56.0,2.4,9.3,4.9,0.77,23.6,0.2,1.61,0.083
Ranga Reddy,57.0,0.1,34.3,1.7,0.88,44.2,0.8,1.69,0.054
Sangareddy,60.0,1.6,16.0,2.6,0.64,12.1,1.7,0.82,0.052
Siddipet,177.0,0.7,9.2,0.7,0.12,13.2,1.1,1.09,0.021
Suryapet,169.0,1.4,10.6,2.2,4.82,25.8,1.0,1.72,0.073
Vikarabad,62.0,3.7,14.5,1.4,0.63,43.6,1.3,0.47,0.054
Wanaparthy,61.0,3.4,27.4,3.8,0.87,44.1,1.4,1.33,0.041
Warangal Urban,84.0,2.0,5.1,2.0,3.43,47.9,1.3,1.06,0.002
Dhalai,46.0,0.8,19.1,2.5,0.32,8.9,0.3,0.67,0.003
Gomati,50.0,3.3,39.9,0.6,0.46,2.5,0.3,0.65,0.076
Khowai,10.0,2.9,35.8,4.0,0.33,2.9,0.3,1.6,0.098
North Tripura,13.0,0.4,43.0,5.9,0.6,2.6,0.3,0.16,0.099
Sepahijala,26.0,3.3,17.6,19.3,0.66,5.4,0.3,0.49,0.023
South Tripura,46.0,0.5,20.4,4.5,0.96,8.4,0.1,0.47,0.053
West Tripura,39.0,3.0,32.5,3.2,0.5,9.6,0.4,1.5,0.065
Agra,128.0,15.7,95.6,6.5,1.63,22.1,1.9,3.37,0.006
Aligarh,112.0,18.7,124.2,47.2,3.64,20.6,0.6,9.67,0.044
Prayagraj,190.0,1.8,82.2,1.9,2.6,5.7,0.4,0.74,0.017
Amethi,195.0,4.9,63.5,5.0,4.36,7.4,0.1,1.13,0.066
Amroha,138.0,10.0,8.8,7.6,2.15,43.5,0.7,3.87,0.045
Auraiya,54.0,4.1,86.6,18.7,0.89,9.5,0.3,0.06,0.019
Azamgarh,183.0,13.2,117.7,2.2,4.71,1.5,0.1,0.44,0.041
Bagpat,112.0,13.6,26.9,12.0,4.99,20.1,0.5,7.1,0.051
Bahraich,70.0,2.1,83.2,3.7,0.09,7.5,0.3,1.34,0.085
Ballia,156.0,15.4,74.1,16.8,2.22,23.2,0.6,8.13,0.002
Balrampur,196.0,4.0,103.2,0.6,0.64,3.2,0.4,1.28,0.027
Barabanki,88.0,4.6,54.6,2.8,0.42,6.3,0.2,1.24,0.075
Bareilly,161.0,11.1,50.2,15.2,1.66,37.2,0.6,3.0,0.072
Basti,86.0,2.7,59.2,2.9,0.63,8.6,0.1,0.14,0.018
Bhadohi,58.0,3.6,93.2,2.0,1.29,2.2,0.2,0.22,0.009
Bijnor,158.0,14.7,15.0,8.0,4.33,31.6,1.8,5.22,0.021
Budaun,82.0,7.0,117.1,12.2,4.47,30.8,1.7,8.54,0.065
Bulandshahr,192.0,12.2,8.6,11.5,2.93,45.3,1.8,5.88,0.018
Chandauli,135.0,11.6,13.5,2.7,3.49,0.3,0.1,1.74,0.074
Chitrakoot,140.0,3.6,104.1,4.1,2.05,0.8,0.4,1.31,0.078
Deoria,164.0,6.1,17.1,2.7,1.07,5.4,0.3,1.57,0.033
Etah,81.0,19.6,89.5,7.9,2.08,45.4,1.8,8.62,0.026
Etawah,192.0,14.3,101.2,8.3,0.17,43.4,1.1,2.49,0.009
Ayodhya,194.0,2.2,139.6,2.4,1.09,4.1,0.1,0.5,0.08
Farrukhabad,144.0,5.6,50.9,18.9,0.99,31.8,1.0,6.63,0.04
Firozabad,172.0,10.0,61.7,13.4,4.95,31.6,1.9,6.74,0.088
Gautam Buddh Nagar,250.0,11.2,7.5,15.9,1.05,65.7,0.6,11.59,0.053
Ghaziabad,261.0,8.8,48.1,9.0,3.87,88.6,1.1,13.68,0.095
Ghazipur,100.0,13.7,26.9,1.2,2.98,1.9,0.4,0.63,0.017
Gonda,131.0,3.4,124.4,1.1,0.44,0.5,0.2,0.17,0.016
Gorakhpur,72.0,16.0,46.9,1.8,4.87,4.5,0.5,0.87,0.007
Hapur,121.0,10.7,11.8,5.9,3.4,21.3,0.7,4.28,0.031
Hardoi,76.0,2.3,128.1,6.4,0.27,5.9,0.4,1.02,0.039
Hathras,155.0,11.1,52.1,5.3,1.49,29.6,1.6,7.95,0.049
Jalaun,133.0,0.9,65.3,6.9,0.24,3.5,0.2,0.82,0.037
Jaunpur,198.0,4.3,59.3,1.9,1.13,7.1,0.2,1.87,0.028
Jhansi,182.0,11.3,116.2,12.3,3.08,1.4,0.5,1.55,0.008
Kannauj,79.0,3.2,73.0,8.7,0.77,4.8,0.2,1.97,0.029
Kanpur Dehat,146.0,4.5,135.4,13.2,0.06,1.7,0.0,1.68,0.072
Kanpur,70.0,0.9,161.1,7.0,0.04,7.0,0.3,0.74,0.058
Kasganj,192.0,17.2,77.8,11.5,4.59,26.9,1.2,3.7,0.082
Kaushambi,196.0,0.8,103.0,3.1,4.86,0.8,0.1,1.28,0.015
Kushinagar,182.0,11.4,38.7,4.2,0.8,9.7,0.3,0.71,0.011
Lakhimpur Kheri,153.0,3.0,139.5,19.3,0.84,9.8,0.7,0.22,0.045
Lucknow,252.0,0.6,73.5,2.5,0.64,3.7,0.4,0.17,0.084
Mahoba,63.0,2.4,141.8,4.9,0.7,1.7,0.3,1.08,0.045
Mainpuri,198.0,12.4,52.5,14.3,0.91,13.6,1.8,7.11,0.097
Mathura,151.0,17.4,26.9,10.0,4.58,33.0,1.8,3.84,0.025
Mau,156.0,11.3,26.4,3.1,1.64,7.6,0.5,0.87,0.068
Meerut,167.0,15.4,23.2,8.7,2.76,35.7,4.1,8.07,0.066
Mirzapur,178.0,2.6,77.6,1.0,4.57,8.1,0.2,1.3,0.07
Moradabad,193.0,9.7,31.3,7.8,3.24,36.6,0.7,7.95,0.085
Muzaffarnagar,99.0,19.0,49.8,15.1,4.66,13.7,1.7,7.14,0.035
Pilibhit,133.0,15.0,66.3,7.6,0.22,28.3,1.0,2.1,0.018
Raebareli,176.0,4.9,120.4,3.6,2.2,6.7,0.4,1.77,0.036
Rampur,122.0,18.2,52.8,18.8,1.06,34.8,0.5,4.33,0.048
Saharanpur,171.0,44.9,15.8,8.2,1.13,19.3,1.8,2.03,0.072
Sambhal,50.0,19.5,113.3,5.3,3.57,26.4,1.6,9.62,0.078
Sant Kabir Nagar,189.0,17.1,136.2,1.4,4.13,2.0,0.5,0.66,0.015
Shahjahanpur,177.0,0.9,149.2,7.6,0.62,35.1,0.6,8.84,0.015
Shamli,155.0,14.1,24.1,7.8,2.6,23.9,0.6,3.98,0.081
Shravasti,169.0,1.8,97.8,1.2,0.41,2.7,0.0,1.87,0.003
Siddharthnagar,95.0,0.2,106.2,3.7,0.69,4.2,0.2,1.27,0.006
Sitapur,156.0,4.7,138.3,10.3,0.87,3.7,0.4,0.82,0.018
Sonbhadra,144.0,4.0,36.3,3.3,3.57,7.7,0.2,0.68,0.053
Sultanpur,94.0,2.2,131.2,2.8,4.76,2.1,0.0,0.98,0.014
Unnao,81.0,3.0,189.5,15.0,0.59,0.6,0.2,1.57,0.078
Varanasi,183.0,17.4,64.9,4.5,1.13,8.9,0.2,1.61,0.066
Almora,171.0,12.0,42.5,19.0,1.81,37.8,1.9,3.55,0.04
Bageshwar,182.0,14.3,16.3,14.5,3.52,47.5,0.7,9.51,0.009
Chamoli,191.0,17.5,21.1,0.9,1.26,31.0,1.6,4.54,0.078
Champawat,59.0,18.1,36.6,8.9,0.4,29.7,0.8,5.34,0.001
Dehradun,88.0,8.7,19.4,11.8,4.49,25.7,1.0,2.61,0.046
Haridwar,193.0,8.7,40.7,19.5,3.71,11.9,2.0,3.49,0.033
Nainital,79.0,15.9,33.1,10.9,3.73,26.2,1.3,7.02,0.09
Pithoragarh,35.0,16.5,16.8,2.6,0.99,4.1,1.5,1.91,0.009
Rudraprayag,115.0,7.9,33.3,9.6,2.39,20.7,0.9,6.13,0.044
Tehri Garhwal,193.0,9.8,5.6,11.4,3.25,17.9,0.9,6.78,0.037
Udham Singh Nagar,119.0,15.5,136.9,9.1,3.42,27.9,0.6,9.88,0.054
Uttarkashi,51.0,12.0,9.5,3.3,3.74,18.1,1.6,4.37,0.006
Alipurduar,14.0,2.7,14.5,8.9,0.13,9.3,0.0,1.92,0.088
Bankura,122.0,3.6,38.8,6.3,0.9,47.6,0.3,1.61,0.041
Cooch Behar,39.0,3.1,5.9,18.0,0.36,8.0,0.4,1.57,0.091
Dakshin Dinajpur,137.0,3.6,17.4,16.0,0.26,24.1,0.3,1.61,0.05
Darjeeling,128.0,14.9,9.5,2.3,0.64,3.6,0.5,0.52,0.084
Hooghly,118.0,0.4,49.3,16.1,0.38,32.8,0.0,1.11,0.056
Howrah,286.0,2.9,47.5,8.5,0.86,60.7,0.5,0.71,0.045
Jalpaiguri,21.0,4.3,9.6,14.5,0.53,6.3,0.2,1.05,0.072
Jhargram,85.0,2.8,97.5,7.0,0.17,47.7,0.3,0.76,0.062
Kalimpong,154.0,1.8,43.8,3.6,0.8,1.3,0.5,0.61,0.004
Kolkata,221.0,4.9,25.1,19.2,0.47,99.7,0.4,1.11,0.072
Maldah,115.0,13.0,14.4,17.9,0.12,41.7,0.0,0.96,0.03
Murshidabad,131.0,5.0,40.6,33.3,0.65,26.4,0.0,0.91,0.011
Nadia,88.0,1.0,28.7,31.6,0.77,35.4,0.4,1.14,0.084
North 24 Parganas,97.0,2.8,40.2,35.3,0.45,66.8,0.4,1.04,0.064
Purulia,102.0,14.1,45.6,14.8,0.61,10.2,0.2,1.86,0.05
South 24 Parganas,243.0,4.1,19.2,12.0,0.6,87.1,0.4,1.77,0.042
Uttar Dinajpur,179.0,19.4,7.7,17.8,0.31,6.5,0.1,1.57,0.01
Nicobar,49.0,1.4,6.3,4.3,0.72,7.0,0.3,0.57,0.033
North and Middle Andaman,11.0,3.5,34.8,1.3,0.14,5.3,0.3,0.64,0.1
South Andaman,19.0,3.9,45.8,4.6,0.36,6.8,0.3,0.39,0.038
Chandigarh,54.0,17.1,7.6,2.1,2.9,15.0,0.8,4.66,0.014
Diu,17.0,1.5,30.6,3.6,0.31,36.4,0.4,6.99,0.302
Dadra and Nagar Haveli,191.0,2.9,7.6,0.9,0.04,40.3,0.1,2.35,0.474
Anantnag,16.0,3.3,37.6,3.0,0.58,1.0,0.3,1.07,0.002
Bandipora,35.0,0.9,34.8,4.3,0.95,7.1,0.2,0.06,0.086
Baramulla,37.0,0.2,46.8,4.7,0.23,6.4,0.3,0.65,0.038
Badgam,10.0,2.8,23.8,1.6,0.71,1.5,0.4,0.94,0.019
Doda,37.0,2.6,27.4,1.1,0.68,0.2,0.1,1.78,0.096
Ganderbal,33.0,4.6,45.0,0.6,0.31,6.0,0.2,1.26,0.085
Jammu,33.0,14.3,18.8,3.4,0.34,5.3,1.3,1.25,0.028
Kathua,10.0,9.5,22.3,2.8,0.26,1.5,1.9,1.88,0.023
Kishtwar,43.0,3.6,36.1,3.5,0.23,8.8,0.2,1.09,0.011
Kulgam,25.0,3.9,38.6,2.5,0.81,1.7,0.3,1.2,0.017
Kupwara,37.0,1.9,22.6,5.0,0.46,5.7,0.1,0.14,0.066
Pulwama,30.0,2.2,40.8,3.6,0.93,8.7,0.4,0.67,0.073
Rajouri,46.0,4.8,15.5,2.0,0.71,8.2,0.4,1.67,0.016
Ramban,30.0,1.6,42.4,2.6,0.05,3.3,0.0,1.0,0.026
Reasi,33.0,1.2,41.9,2.0,0.37,0.7,0.0,1.33,0.074
Samba,39.0,9.6,44.6,3.3,0.24,6.5,0.9,1.89,0.022
Shopian,17.0,0.8,47.1,1.1,0.59,9.3,0.1,0.64,0.007
Srinagar,18.0,2.2,16.3,2.5,0.7,7.6,0.5,1.62,0.086
Udhampur,13.0,4.2,48.4,4.4,0.52,3.4,0.3,0.25,0.054
Kargil,35.0,0.8,47.8,2.7,0.93,3.5,0.2,1.52,0.099
Leh,42.0,2.3,45.0,2.0,0.04,1.7,0.4,0.13,0.035
Lakshadweep,37.0,4.0,23.2,2.0,0.17,2.0,0.5,1.53,0.068
Central Delhi,293.0,8.4,32.3,9.2,4.51,94.9,1.6,10.99,0.075
East Delhi,278.0,14.3,31.7,9.8,4.63,73.0,1.8,10.74,0.042
New Delhi,280.0,14.5,16.4,18.5,1.21,59.2,1.9,14.19,0.055
North Delhi,205.0,14.1,27.3,15.8,2.37,51.5,1.1,11.15,0.041
North East Delhi,250.0,13.7,35.6,13.3,2.79,65.7,1.7,13.91,0.058
North West Delhi,273.0,6.8,8.8,7.7,3.58,58.1,0.8,11.85,0.021
Shahdara,286.0,7.3,26.3,13.1,2.83,99.8,1.4,11.45,0.027
South Delhi,275.0,7.0,38.3,10.5,2.52,99.3,1.2,11.9,0.075
South East Delhi,291.0,14.8,44.5,18.5,2.44,73.3,1.2,12.85,0.05
South West Delhi,238.0,11.8,36.3,6.8,1.96,85.5,1.7,13.0,0.074
West Delhi,223.0,18.0,21.1,8.3,2.73,99.6,0.6,13.13,0.092
Karaikal,162.0,3.6,87.5,4.4,0.19,40.2,1.3,7.16,0.036
Pondicherry,80.0,2.8,121.8,4.1,0.39,13.1,1.4,5.41,0.041
Yanam,200.0,4.9,53.6,4.1,0.68,48.1,0.8,8.87,0.008
